insert into roles (ROLE_NAME) values ('ROLE_ADMIN'); 
insert into roles (ROLE_NAME) values ('ROLE_USER');
insert into usuarios(username,password) values ('dbuser1', '$2a$10$9DIGx1gtTlRQAcb8Zod6YOs.IBVIyHtgjpy0Pi95El8FTp2YPc3fi');
insert into usuarios(username,password) values ('dbadmin1', '$2a$10$9DIGx1gtTlRQAcb8Zod6YOs.IBVIyHtgjpy0Pi95El8FTp2YPc3fi');
insert into usuariorol (USER_ID, ROLE_ID) values (1, 2); 
insert into usuariorol (USER_ID, ROLE_ID) values (2, 1);
INSERT INTO categoria (descripcion) VALUES ("Naturaleza"),("Ciudades"),("Excurson");
INSERT INTO etiqueta (descripcion) VALUES ("crucero"),("playa"),("montaña"),("caravana");
INSERT INTO post (postid,fecha,foto,post,titulo,id_categoria) VALUES (1,'2020-04-06','images.jfif','ghjikoPara el cómputo del número de extinciones de contratos a que se refiere este apartado, se tendrán en cuenta asimismo cualesquiera otras producidas en el periodo de referencia por iniciativa del empresario en virtud de otros motivos no inherentes a la persona del trabajador distintos de los previstos en el artículo 49.1.c) del Estatuto de los Trabajadores, siempre que su número sea, al menos, de cinco.\r\n\r\n2. A efectos de lo dispuesto en el apartado 1, se entiende que concurren causas económicas cuando de los resultados de la empresa se desprenda una situación económica negativa, en casos tales como la existencia de pérdidas actuales o previstas, o la disminución persistente de su nivel de ingresos ordinarios o ventas. En todo caso, se entenderá que la disminución es persistente si durante tres trimestres consecutivos el nivel de ingresos ordinarios o ventas de cada trimestre es inferior al registrado en el mismo trimestre del año anterior. Se entiende que concurren causas técnicas cuando se produzcan cambios, entre otros, en el ámbito de los medios o instrumentos de producción; causas organizativas cuando se produzcan cambios, entre otros, en el ámbito de los sistemas y métodos de trabajo del personal o en el modo de organizar la producción; y causas productivas cuando se produzcan cambios, entre otros, en la demanda de los productos o servicios que la empresa pretende colocar en el mercado.\r\n\r\n3. Asimismo, se regirá por este Reglamento la extinción de los contratos de trabajo que afecte a la totalidad de la plantilla de la empresa, siempre que el número de trabajadores afectados sea superior a cinco, cuando aquélla se produzca como consecuencia de la cesación total de su actividad empresarial fundada en las mismas causas anteriormente señaladas.\r\n\r\nSECCIÓN 2.ª Iniciación del procedimiento\r\nArtículo 2. Comunicación empresarial.\r\nEl procedimiento de despido colectivo se iniciará por escrito, mediante la comunicación de la apertura del periodo de consultas dirigida por el empresario a los representantes legales de los trabajadores con el contenido especificado en el artículo 3, a la que deberá acompañarse, según la causa alegada, la documentación establecida en los artículos 4 y 5.','gvhbjk',2);
INSERT INTO post (postid,fecha,foto,post,titulo,id_categoria) VALUES (2,'2020-04-06','b218f62ba9dd45969d6d4edb41c2c526.png','Para el cómputo del número de extinciones de contratos a que se refiere este apartado, se tendrán en cuenta asimismo cualesquiera otras producidas en el periodo de referencia por iniciativa del empresario en virtud de otros motivos no inherentes a la persona del trabajador distintos de los previstos en el artículo 49.1.c) del Estatuto de los Trabajadores, siempre que su número sea, al menos, de cinco.\r\n\r\n2. A efectos de lo dispuesto en el apartado 1, se entiende que concurren causas económicas cuando de los resultados de la empresa se desprenda una situación económica negativa, en casos tales como la existencia de pérdidas actuales o previstas, o la disminución persistente de su nivel de ingresos ordinarios o ventas. En todo caso, se entenderá que la disminución es persistente si durante tres trimestres consecutivos el nivel de ingresos ordinarios o ventas de cada trimestre es inferior al registrado en el mismo trimestre del año anterior. Se entiende que concurren causas técnicas cuando se produzcan cambios, entre otros, en el ámbito de los medios o instrumentos de producción; causas organizativas cuando se produzcan cambios, entre otros, en el ámbito de los sistemas y métodos de trabajo del personal o en el modo de organizar la producción; y causas productivas cuando se produzcan cambios, entre otros, en la demanda de los productos o servicios que la empresa pretende colocar en el mercado.\r\n\r\n3. Asimismo, se regirá por este Reglamento la extinción de los contratos de trabajo que afecte a la totalidad de la plantilla de la empresa, siempre que el número de trabajadores afectados sea superior a cinco, cuando aquélla se produzca como consecuencia de la cesación total de su actividad empresarial fundada en las mismas causas anteriormente señaladas.\r\n\r\nSECCIÓN 2.ª Iniciación del procedimiento\r\nArtículo 2. Comunicación empresarial.\r\nEl procedimiento de despido colectivo se iniciará por escrito, mediante la comunicación de la apertura del periodo de consultas dirigida por el empresario a los representantes legales de los trabajadores con el contenido especificado en el artículo 3, a la que deberá acompañarse, según la causa alegada, la documentación establecida en los artículos 4 y 5.Para el cómputo del número de extinciones de contratos a que se refiere este apartado, se tendrán en cuenta asimismo cualesquiera otras producidas en el periodo de referencia por iniciativa del empresario en virtud de otros motivos no inherentes a la persona del trabajador distintos de los previstos en el artículo 49.1.c) del Estatuto de los Trabajadores, siempre que su número sea, al menos, de cinco.\r\n\r\n2. A efectos de lo dispuesto en el apartado 1, se entiende que concurren causas económicas cuando de los resultados de la empresa se desprenda una situación económica negativa, en casos tales como la existencia de pérdidas actuales o previstas, o la disminución persistente de su nivel de ingresos ordinarios o ventas. En todo caso, se entenderá que la disminución es persistente si durante tres trimestres consecutivos el nivel de ingresos ordinarios o ventas de cada trimestre es inferior al registrado en el mismo trimestre del año anterior. Se entiende que concurren causas técnicas cuando se produzcan cambios, entre otros, en el ámbito de los medios o instrumentos de producción; causas organizativas cuando se produzcan cambios, entre otros, en el ámbito de los sistemas y métodos de trabajo del personal o en el modo de organizar la producción; y causas productivas cuando se produzcan cambios, entre otros, en la demanda de los productos o servicios que la empresa pretende colocar en el mercado.\r\n\r\n3. Asimismo, se regirá por este Reglamento la extinción de los contratos de trabajo que afecte a la totalidad de la plantilla de la empresa, siempre que el número de trabajadores afectados sea superior a cinco, cuando aquélla se produzca como consecuencia de la cesación total de su actividad empresarial fundada en las mismas causas anteriormente señaladas.\r\n\r\nSECCIÓN 2.ª Iniciación del procedimiento\r\nArtículo 2. Comunicación empresarial.\r\nEl procedimiento de despido colectivo se iniciará por escrito, mediante la comunicación de la apertura del periodo de consultas dirigida por el empresario a los representantes legales de los trabajadores con el contenido especificado en el artículo 3, a la que deberá acompañarse, según la causa alegada, la documentación establecida en los artículos 4 y 5.','cfgvhbjklñ',1);
INSERT INTO post (postid,fecha,foto,post,titulo,id_categoria) VALUES (3,'2020-04-09','descarga (1).jfif','¿Alguna vez te ha decepcionado un destino? ¿Un monumento?\r\n\r\nEs probable que uno de tus «miedos» antes de visitar el Taj Mahal sea la decepción. Has visto taaaaaaaaantas veces el archiconocido mausoleo en fotos, vídeos, documentales,  dibujos y sueños que temes ponerte delante de él  y pensar: «pfffff pues bien es bonito sí…pero sin más».\r\n\r\n\r\n \r\n¿Decepciona o no decepciona? Después de pasear mi cuerpo serrano por aquellas tierras y dejarles 3 o 4  kilos de regalo vía W.C….estas son las sensaciones que me provocó el Taj y que seguramente tú también experimentes:\r\n\r\nAlegría desbocada. «¡Dios de mi vida esto es una pasada de chulo!». Así es, el Taj impresiona, aunque lo hayas visto 3 millones de veces. A mi no me decepcionó, todo lo contrario. La mole de mármol ejerce una atracción fatal, no puedes dejar de mirarlo, tan blanco, tan perfecto, tan todo.\r\nDesconcierto. ¿Has soñado alguna vez con ser más famoso que Falete? El Taj Mahal es el lugar perfecto para experimentar esta sensación. ¿Por qué? Los indios tienen la extraña afición de sacarse fotos con extranjeros, con TODOS los extranjeros que avistan. Si la cuadrilla es de 30, los 30 querrán una foto contigo. Como te puedes imaginar el Taj está plagadito de turistas indios… Sí o sí vas a terminar el día con esguince bucal de tanto sonreír ? .','India',3);
INSERT INTO post (postid,fecha,foto,post,titulo,id_categoria) VALUES (4,'2020-04-06','images.jfif','ghjikoPara el cómputo del número de extinciones de contratos a que se refiere este apartado, se tendrán en cuenta asimismo cualesquiera otras producidas en el periodo de referencia por iniciativa del empresario en virtud de otros motivos no inherentes a la persona del trabajador distintos de los previstos en el artículo 49.1.c) del Estatuto de los Trabajadores, siempre que su número sea, al menos, de cinco.\r\n\r\n2. A efectos de lo dispuesto en el apartado 1, se entiende que concurren causas económicas cuando de los resultados de la empresa se desprenda una situación económica negativa, en casos tales como la existencia de pérdidas actuales o previstas, o la disminución persistente de su nivel de ingresos ordinarios o ventas. En todo caso, se entenderá que la disminución es persistente si durante tres trimestres consecutivos el nivel de ingresos ordinarios o ventas de cada trimestre es inferior al registrado en el mismo trimestre del año anterior. Se entiende que concurren causas técnicas cuando se produzcan cambios, entre otros, en el ámbito de los medios o instrumentos de producción; causas organizativas cuando se produzcan cambios, entre otros, en el ámbito de los sistemas y métodos de trabajo del personal o en el modo de organizar la producción; y causas productivas cuando se produzcan cambios, entre otros, en la demanda de los productos o servicios que la empresa pretende colocar en el mercado.\r\n\r\n3. Asimismo, se regirá por este Reglamento la extinción de los contratos de trabajo que afecte a la totalidad de la plantilla de la empresa, siempre que el número de trabajadores afectados sea superior a cinco, cuando aquélla se produzca como consecuencia de la cesación total de su actividad empresarial fundada en las mismas causas anteriormente señaladas.\r\n\r\nSECCIÓN 2.ª Iniciación del procedimiento\r\nArtículo 2. Comunicación empresarial.\r\nEl procedimiento de despido colectivo se iniciará por escrito, mediante la comunicación de la apertura del periodo de consultas dirigida por el empresario a los representantes legales de los trabajadores con el contenido especificado en el artículo 3, a la que deberá acompañarse, según la causa alegada, la documentación establecida en los artículos 4 y 5.','gvhbjk',2);
INSERT INTO post (postid,fecha,foto,post,titulo,id_categoria) VALUES (5,'2020-04-06','b218f62ba9dd45969d6d4edb41c2c526.png','Para el cómputo del número de extinciones de contratos a que se refiere este apartado, se tendrán en cuenta asimismo cualesquiera otras producidas en el periodo de referencia por iniciativa del empresario en virtud de otros motivos no inherentes a la persona del trabajador distintos de los previstos en el artículo 49.1.c) del Estatuto de los Trabajadores, siempre que su número sea, al menos, de cinco.\r\n\r\n2. A efectos de lo dispuesto en el apartado 1, se entiende que concurren causas económicas cuando de los resultados de la empresa se desprenda una situación económica negativa, en casos tales como la existencia de pérdidas actuales o previstas, o la disminución persistente de su nivel de ingresos ordinarios o ventas. En todo caso, se entenderá que la disminución es persistente si durante tres trimestres consecutivos el nivel de ingresos ordinarios o ventas de cada trimestre es inferior al registrado en el mismo trimestre del año anterior. Se entiende que concurren causas técnicas cuando se produzcan cambios, entre otros, en el ámbito de los medios o instrumentos de producción; causas organizativas cuando se produzcan cambios, entre otros, en el ámbito de los sistemas y métodos de trabajo del personal o en el modo de organizar la producción; y causas productivas cuando se produzcan cambios, entre otros, en la demanda de los productos o servicios que la empresa pretende colocar en el mercado.\r\n\r\n3. Asimismo, se regirá por este Reglamento la extinción de los contratos de trabajo que afecte a la totalidad de la plantilla de la empresa, siempre que el número de trabajadores afectados sea superior a cinco, cuando aquélla se produzca como consecuencia de la cesación total de su actividad empresarial fundada en las mismas causas anteriormente señaladas.\r\n\r\nSECCIÓN 2.ª Iniciación del procedimiento\r\nArtículo 2. Comunicación empresarial.\r\nEl procedimiento de despido colectivo se iniciará por escrito, mediante la comunicación de la apertura del periodo de consultas dirigida por el empresario a los representantes legales de los trabajadores con el contenido especificado en el artículo 3, a la que deberá acompañarse, según la causa alegada, la documentación establecida en los artículos 4 y 5.Para el cómputo del número de extinciones de contratos a que se refiere este apartado, se tendrán en cuenta asimismo cualesquiera otras producidas en el periodo de referencia por iniciativa del empresario en virtud de otros motivos no inherentes a la persona del trabajador distintos de los previstos en el artículo 49.1.c) del Estatuto de los Trabajadores, siempre que su número sea, al menos, de cinco.\r\n\r\n2. A efectos de lo dispuesto en el apartado 1, se entiende que concurren causas económicas cuando de los resultados de la empresa se desprenda una situación económica negativa, en casos tales como la existencia de pérdidas actuales o previstas, o la disminución persistente de su nivel de ingresos ordinarios o ventas. En todo caso, se entenderá que la disminución es persistente si durante tres trimestres consecutivos el nivel de ingresos ordinarios o ventas de cada trimestre es inferior al registrado en el mismo trimestre del año anterior. Se entiende que concurren causas técnicas cuando se produzcan cambios, entre otros, en el ámbito de los medios o instrumentos de producción; causas organizativas cuando se produzcan cambios, entre otros, en el ámbito de los sistemas y métodos de trabajo del personal o en el modo de organizar la producción; y causas productivas cuando se produzcan cambios, entre otros, en la demanda de los productos o servicios que la empresa pretende colocar en el mercado.\r\n\r\n3. Asimismo, se regirá por este Reglamento la extinción de los contratos de trabajo que afecte a la totalidad de la plantilla de la empresa, siempre que el número de trabajadores afectados sea superior a cinco, cuando aquélla se produzca como consecuencia de la cesación total de su actividad empresarial fundada en las mismas causas anteriormente señaladas.\r\n\r\nSECCIÓN 2.ª Iniciación del procedimiento\r\nArtículo 2. Comunicación empresarial.\r\nEl procedimiento de despido colectivo se iniciará por escrito, mediante la comunicación de la apertura del periodo de consultas dirigida por el empresario a los representantes legales de los trabajadores con el contenido especificado en el artículo 3, a la que deberá acompañarse, según la causa alegada, la documentación establecida en los artículos 4 y 5.','cfgvhbjklñ',1);
INSERT INTO post (postid,fecha,foto,post,titulo,id_categoria) VALUES (6,'2020-04-09','descarga (1).jfif','¿Alguna vez te ha decepcionado un destino? ¿Un monumento?\r\n\r\nEs probable que uno de tus «miedos» antes de visitar el Taj Mahal sea la decepción. Has visto taaaaaaaaantas veces el archiconocido mausoleo en fotos, vídeos, documentales,  dibujos y sueños que temes ponerte delante de él  y pensar: «pfffff pues bien es bonito sí…pero sin más».\r\n\r\n\r\n \r\n¿Decepciona o no decepciona? Después de pasear mi cuerpo serrano por aquellas tierras y dejarles 3 o 4  kilos de regalo vía W.C….estas son las sensaciones que me provocó el Taj y que seguramente tú también experimentes:\r\n\r\nAlegría desbocada. «¡Dios de mi vida esto es una pasada de chulo!». Así es, el Taj impresiona, aunque lo hayas visto 3 millones de veces. A mi no me decepcionó, todo lo contrario. La mole de mármol ejerce una atracción fatal, no puedes dejar de mirarlo, tan blanco, tan perfecto, tan todo.\r\nDesconcierto. ¿Has soñado alguna vez con ser más famoso que Falete? El Taj Mahal es el lugar perfecto para experimentar esta sensación. ¿Por qué? Los indios tienen la extraña afición de sacarse fotos con extranjeros, con TODOS los extranjeros que avistan. Si la cuadrilla es de 30, los 30 querrán una foto contigo. Como te puedes imaginar el Taj está plagadito de turistas indios… Sí o sí vas a terminar el día con esguince bucal de tanto sonreír ? .','India',3);
INSERT INTO post (postid,fecha,foto,post,titulo,id_categoria) VALUES (7,'2020-04-09','playa-de-los-diamantes-islandia.jpg','Esta playa islandesa no sale en las listas de las mejores playas del mundo pero es uno de los lugares que cada año congrega a grandes fotógrafos amantes de fenómenos naturales y desde luego, es una cita imprescindible de un viaje a Islandia.\r\n\r\nDiamond beach es una playa volcánica de arena negra, que alberga grandes formaciones de hielo que se han ido desprendiendo del glaciar Vaknajokull, el segundo mas grande de la isla, situado en el sureste de Islandia. Estos bloques viajan a la deriva por la laguna Jokulsarlon hasta acabar desembocando en el mar. Las  frías olas del Atlántico Norte mecen y empujan los bloques hasta que quedan atrapados en la orilla de la playa. La erosión que provoca el agua va tallando los grandes bloques de hielo como si fueran diamantes, puliéndolos y sacando diferentes matices de colores que van desde la mayor de las transparencias hasta los azules y los verdes.\r\n\r\nCada luz del día proporciona unos matices y reflejos diferentes por lo que cada experiencia es única. Con suerte además, podrás contemplar a las focas saltando en las aguas heladas.\r\n\r\nJökulsárlón es el lago glaciar más grande y visitado de Islandia. Se sitúa en el sureste de la isla, en el extremo sur del glaciar Vatnajökull. El lago está lleno de icebergs que se han desprendido de la lengua del glaciar Breiðamerkurjökull. Junto al lago glaciar se sitúa la increíble Playa de los Diamantes, un verdadero espectáculo de la naturaleza. Sin duda alguna, ésta es una de las visitas imprescindibles de Islandia.','Playa de los diamantes',1);
INSERT INTO post (postid,fecha,foto,post,titulo,id_categoria) VALUES (8,'2020-04-12','teide.jpg','¿Qué mejor que las cámaras de nuestros viajeros para que veas cuán mágico es el Teide?\r\n\r\nNos hicimos esta pregunta hace unos meses y fue el motor de nuestra puesta a punto audiovisual: ¡a ver cuántas de nuestras páginas encuentras sin vídeos o fotos del Teide!\r\n\r\nLo consideramos estrictamente imprescindible. Porque el Teide no es solo historia, cultura o naturaleza, sino un conjunto de paisajes y experiencias tremendas que merece la pena conocer con nuestros ojos.\r\n\r\nHemos incluso subido el listón, permitiéndote compartir con nosotros todo lo que fotografíes y etiquetes con una serie de hashtags y, para facilitar la vida de los usuarios a los que les atraiga muy mucho lo más “visual”, hemos añadido un botón sobre cada fotografía que dirija directamente a la experiencia de la foto.\r\n\r\nTe contamos más sobre las fotos del Teide y nuestra web en el resto del post; no pierdas detalle.','teide',1);
INSERT INTO comentario (id_comentario,coment,fecha,id_post,id_usuario) VALUES (1,'sfkjdjadfkja ','2020-03-02',5,1);
INSERT INTO comentario (id_comentario,coment,fecha,id_post,id_usuario) VALUES (2,'ghjkl','2020-03-05',5,2);
INSERT INTO etiqueta_post (id_etiqueta, postid) VALUES ( '1', '1');
INSERT INTO etiqueta_post (id_etiqueta, postid) VALUES ( '1', '2');
INSERT INTO etiqueta_post (id_etiqueta, postid) VALUES ( '1', '4');
INSERT INTO etiqueta_post (id_etiqueta, postid) VALUES ( '2', '5');
INSERT INTO etiqueta_post (id_etiqueta, postid) VALUES ( '2', '2');
INSERT INTO etiqueta_post (id_etiqueta, postid) VALUES ( '2', '4');
INSERT INTO etiqueta_post (id_etiqueta, postid) VALUES ( '3', '4');
INSERT INTO etiqueta_post (id_etiqueta, postid) VALUES ( '3', '5');
INSERT INTO etiqueta_post (id_etiqueta, postid) VALUES ( '4', '2');
INSERT INTO etiqueta_post (id_etiqueta, postid) VALUES ( '4', '4');
